{"cameraMode":{"drawMode":0,"name":"Shaded","section":"Shading Mode"},"sceneLighting":false,"audioPlay":false,"sceneViewState":{"showFog":true,"showMaterialUpdate":false,"showSkybox":false,"showFlares":true,"showImageEffects":true,"showParticleSystems":true},"in2DMode":false,"pivot":{"x":0.26999998092651369,"y":-1.1000001430511475,"z":53.599998474121097},"rotation":{"x":0.2960745692253113,"y":-0.6446976661682129,"z":0.2991110384464264,"w":0.6381530165672302},"size":4.041658401489258,"orthographic":false}