{"cameraMode":{"drawMode":0,"name":"Shaded","section":"Shading Mode"},"sceneLighting":false,"audioPlay":false,"sceneViewState":{"showFog":true,"showMaterialUpdate":false,"showSkybox":false,"showFlares":true,"showImageEffects":true,"showParticleSystems":true},"in2DMode":false,"pivot":{"x":-4.300000190734863,"y":-1.1000001430511475,"z":28.899999618530275},"rotation":{"x":0.45724737644195559,"y":-0.0013340057339519263,"z":0.0006858748965896666,"w":0.8893383741378784},"size":4.041658401489258,"orthographic":false}